kh_id;kh_bez;kh_art;tr_bez;tr_rechtsform;bs_bez;bs_plz;bs_strasse;bs_gemeinde
1110121;LVR-Klinikum Düsseldorf;Plankrankenhaus;Landschaftsverband Rheinland;;LVR-Klinikum Düsseldorf;40629;Bergische Landstraße 2;Düsseldorf
1110125;Johanniter-Tagesklinik Düsseldorf;Plankrankenhaus;Rheinische Genossenschaft des Johanniterordens;gemeinnützige GmbH;Johanniter-Tagesklinik Düsseldorf;40597;Marbacher Str. 79;Düsseldorf
1120305;Helios Klinikum Duisburg;Plankrankenhaus;Helios Klinikum Duisburg GmbH;;Helios Klinikum Duisburg;47166;Dieselstraße 185;Duisburg
1130220;LVR-Klinikum Essen;Plankrankenhaus;Landschaftsverband Rheinland;;LVR-Klinikum Essen;45147;Virchowstraße 174;Essen
1140407;Klinik Königshof;Plankrankenhaus;Krankenhaus Neuwerk Maria von den Aposteln gGmbH;gemeinnützige GmbH;Klinik Königshof;47807;Am Dreifaltigkeitskloster 16;Krefeld
1200126;Sana-Klinikum Remscheid;Plankrankenhaus;Sana Kliniken AG;;Sana-Klinikum Remscheid;42859;Burger Straße 211;Remscheid
1200131;Ev. Stiftung Tannenhof;Plankrankenhaus;Evangelische Stiftung Tannenhof;;Ev. Stiftung Tannenhof;42899;Remscheider Straße 76;Remscheid
1220131;Psychiatrische Tagesklinik Solingen;Krankenhaus mit Versorgungsvertrag;Psychosozialer Trägerverein Solingen e.V.;;Psychiatrische Tagesklinik Solingen;42659;Eichenstraße 105;Solingen
1540356;LVR-Klinik Bedburg-Hau;Plankrankenhaus;Landschaftsverband Rheinland;;LVR-Klinik Bedburg-Hau;47551;Bahnstraße 6;Bedburg-Hau
1580160;Helios Klinikum Niederberg;Plankrankenhaus;Helios Klinikum Niederberg GmbH;;Helios Klinikum Niederberg;42549;Robert-Koch-Straße 2;Velbert
1580167;LVR-Klinik Langenfeld;Krankenhaus ohne Versorgungsvertrag;Landschaftsverband Rheinland;;LVR-Klinik Langenfeld;40764;Kölner Straße 82;Langenfeld
1620436;Alexius/Josef Krankenhaus;Plankrankenhaus;Krankenhaus Neuwerk Maria von den Aposteln gGmbH;gemeinnützige GmbH;Alexius/Josef Krankenhaus;41464;Nordkanalallee 99;Neuss
1660453;LVR-Klinik Viersen;Plankrankenhaus;Landschaftsverband Rheinland;;LVR-Klinik Viersen;41749;Johannisstraße 70;Viersen
1700343;GFO Kliniken Niederrhein;Plankrankenhaus;Gemeinnützige Gesellschaft der Franziskanerinnen zu Olpe mbH;gemeinnützige GmbH;GFO Kliniken Niederrhein;46535;Dr.-Otto-Seidel-Straße 31-33;Dinslaken
3130701;Universitätsklinikum Aachen AöR;Hochschulklinik/Universitätsklinikum;Land Nordrhein-Westfalen;;Universitätsklinikum Aachen AöR;52074;Pauwelsstraße 30;Aachen
3130711;Alexianer Krankenhaus Aachen;Plankrankenhaus;Alexianer Aachen GmbH;Gesellschaft mit beschränkter Haftung;Alexianer Krankenhaus Aachen;52062;Alexianergraben 33;Aachen
3140625;LVR-Klinik Bonn;Plankrankenhaus;Landschaftsverband Rheinland;;LVR-Klinik Bonn;53111;Kaiser-Karl-Ring 20;Bonn
3150501;Universitätsklinikum Köln AöR;Hochschulklinik/Universitätsklinikum;Universitätsklinikum Köln - Anstalt des öffentlichen Rechts;;Universitätsklinikum Köln AöR;50937;Kerpener Str. 62;Köln
3150531;LVR-Klinik Köln;Plankrankenhaus;Landschaftsverband Rheinland;;LVR-Klinik Köln;51109;Wilhelm-Griesinger-Straße 23;Köln
3150532;Alexianer-Krankenhaus;Plankrankenhaus;Alexiane Köln GmbH im Verbund der Alexianer GmbH;;Alexianer-Krankenhaus;51149;Kölner Str. 64;Köln
3150533;Johanniter-Tagesklinik für Kinder-und Jugendpsychiatrie;Plankrankenhaus;Johanniter Tagesklinik fuer Kinder- und Jugendpsychiatrie Koeln e.V.;;Johanniter-Tagesklinik für Kinder-und Jugendpsychiatrie;50735;Pionierstr. 19;Köln
3580735;LVR-Klinik Düren;Plankrankenhaus;Landschaftsverband Rheinland;;LVR-Klinik Düren;52353;Meckerstraße 15;Düren
3660630;Marien-Hospital Euskirchen;Plankrankenhaus;Stiftung Marien-Hospital Euskirchen;Stiftung des privaten Rechts;Marien-Hospital Euskirchen;53879;Gottfried-Disse-Straße 40;Euskirchen
3660637;Fachklinik Marienborn für Psychiatrie und Psychotherapie;Plankrankenhaus;MARIENBORN gGmbH;gemeinnützige GmbH;Fachklinik Marienborn für Psychiatrie und Psychotherapie;53909;Luxemburger Strasse 1;Zülpich
3700746;ViaNobis - Die Fachklinik;Krankenhaus ohne Versorgungsvertrag;Katharina Kasper ViaNobis GmbH;Gesellschaft mit beschränkter Haftung;ViaNobis - Die Fachklinik;52538;Katharina-Kasper-Straße 6;Gangelt
3740561;Klinikum Oberberg;Plankrankenhaus;Kreiskliniken Gummersbach-Waldbröl GmbH;Gesellschaft mit beschränkter Haftung;Klinikum Oberberg;51643;Wilhelm-Breckow-Allee 20;Gummersbach
3820661;Johanniter-Tagesklinik Siegburg gGmbH;Plankrankenhaus;Rheinische Genossenschaft des Johanniterordens;gemeinnützige GmbH;Johanniter-Tagesklinik Siegburg gGmbH;53721;Mühlengrabenstr. 2;Siegburg
5130802;Bergmannsheil und Kinderklinik Buer;Plankrankenhaus;Bergmannsheil und Kinderklinik Buer GmbH;;Bergmannsheil und Kinderklinik Buer;45894;Schernerweg 4;Gelsenkirchen
5130809;Ev. Klinikum Gelsenkirchen;Plankrankenhaus;Ev. Klinikum Gelsenkirchen GmbH;;Ev. Klinikum Gelsenkirchen;45879;Munckelstraße 27;Gelsenkirchen
5150901;Universitätskliniken Münster AöR;Hochschulklinik/Universitätsklinikum;Universitätsklinikum Münster AöR;;Universitätskliniken Münster AöR;48149;Albert-Schweitzer-Campus 1;Münster
5150911;LWL Klinik Münster;Plankrankenhaus;Landschaftsverband Westfalen-Lippe (LWL);Anstalt öffentlichen Rechts;LWL Klinik Münster;48147;Friedrich-Wilhelm-Weber-Straße 30;Münster
5150913;Alexianer Krankenhaus Münster;Plankrankenhaus;Alexianer Münster GmbH;;Alexianer Krankenhaus Münster;48163;Alexianerweg 9;Münster
5540990;Ev. Lukas-Krankenhaus Gronau;Plankrankenhaus;Evangelisches Lukas-Krankenhaus Gronau gGmbH;;Ev. Lukas-Krankenhaus Gronau;48599;Zum Lukas-Krankenhaus 1;Gronau
5580919;Christophorus-Kliniken;Plankrankenhaus;Christophorus-Kliniken GmbH;;Christophorus-Kliniken;48653;Südring 41;Coesfeld
5580929;Christophorus Klinik am Schloßgarten;Plankrankenhaus;Klinik am Schlossgarten Dülmen GmbH;;Christophorus Klinik am Schloßgarten;48249;Am Schlossgarten 10;Dülmen
5620851;Ev. Krankenhaus Castrop-Rauxel;Plankrankenhaus;Ev. Krankenhausgemeinschaft Herne | Castrop-Rauxel gGmbH;gemeinnützige GmbH;Ev. Krankenhaus Castrop-Rauxel;44577;Grutholzallee 21;Castrop-Rauxel
5620852;Vestische Kinder- und Jugendklinik;Plankrankenhaus;Vestische Caritas-Kliniken GmbH;gemeinnützige GmbH;Vestische Kinder- und Jugendklinik;45711;Dr.-Friedrich-Steiner-Straße 5;Datteln
5620864;Kath. Kliniken Emscher-Lippe;Plankrankenhaus;St. Augustinus Gelsenkirchen GmbH;;Kath. Kliniken Emscher-Lippe;45964;Barbarastraße 1;Gladbeck
5620865;LWL Klinik Herten;Plankrankenhaus;Landschaftsverband Westfalen-Lippe (LWL);Anstalt öffentlichen Rechts;LWL Klinik Herten;45699;Im Schlosspark 20;Herten
5620868;LWL Klinik Marl-Sinsen;Plankrankenhaus;Landschaftsverband Westfalen-Lippe (LWL);Anstalt öffentlichen Rechts;LWL Klinik Marl-Sinsen;45770;Halternerst. 525;Marl
5660939;Klinikum Ibbenbüren;Plankrankenhaus;Stiftung Mathias-Spital Rheine;;Klinikum Ibbenbüren;49477;Große Str. 41;Ibbenbüren
5660949;Klinikum Rheine;Plankrankenhaus;Stiftung Mathias-Spital Rheine;;Klinikum Rheine;48431;Frankenburgstr. 31;Rheine
5660952;UKM Marienhospital Steinfurt;Plankrankenhaus;UKM Marienhospital Steinfurt GmbH;;UKM Marienhospital Steinfurt;48565;Mauritiusstr. 5;Steinfurt
5660961;St. Antonius Krankenhaus Hörstel;Plankrankenhaus;Alexianer St. Antonius GmbH;;St. Antonius Krankenhaus Hörstel;48477;Krankenhausstr. 17;Hörstel
5660962;LWL Klinik Lengerich;Plankrankenhaus;Landschaftsverband Westfalen-Lippe (LWL);Anstalt öffentlichen Rechts;LWL Klinik Lengerich;49525;Parkallee 10;Lengerich
5700981;St. Rochus-Hospital Telgte;Plankrankenhaus;St. Rochus-Hospital Telgte GmbH;gemeinnützige GmbH;St. Rochus-Hospital Telgte;48291;Am Rochus-Hospital 1;Telgte
5700982;Tagesklinik Walstedde;Plankrankenhaus;Tagesklinik Walstedde GmbH;;Tagesklinik Walstedde;48317;Dorfstraße 9;Drensteinfurt
7111004;Ev. Klinikum Bethel;Hochschulklinik/Universitätsklinikum;v. Bodelschwinghsche Stiftungen Bethel und Ev. Johanneswerk e.V.;gemeinnützige GmbH;Ev. Klinikum Bethel;33617;Kantensiek 11;Bielefeld
7541034;LWL Klinikum Gütersloh;Krankenhaus ohne Versorgungsvertrag;Landschaftsverband Westfalen-Lippe (LWL);Anstalt öffentlichen Rechts;LWL Klinikum Gütersloh;33334;Buxelstraße 50;Gütersloh
7581042;Klinikum Herford;Hochschulklinik/Universitätsklinikum;Klinikum  Herford AÖR;Anstalt öffentlichen Rechts;Klinikum Herford;32049;Schwarzenmoorstraße 70;Herford
7661049;Klinikum Lippe;Hochschulklinik/Universitätsklinikum;Landschaftsverband Westfalen-Lippe (LWL);;Klinikum Lippe;32756;Röntgenstraße 18;Detmold
7661057;GPZ Gemeindepsychiatrisches Zentrum GmbH;Plankrankenhaus;Gemeindepsychiatrisches Zentrum gpz GmbH;Gesellschaft mit beschränkter Haftung;GPZ Gemeindepsychiatrisches Zentrum GmbH;32756;Schlabrendorffweg 2-6;Detmold
7661058;Tagesklinik Lemgo;Plankrankenhaus;Tagesklinik Lemgo - Tagesklinik für Psychiatrie und Psychosomatik GmbH & Co. KG;;Tagesklinik Lemgo;32657;Rintelner Str. 83;Lemgo
7701063;Krankenhaus Lübbecke;Hochschulklinik/Universitätsklinikum;Mühlenkreiskliniken AöR;Anstalt öffentlichen Rechts;Krankenhaus Lübbecke;32312;Virchow 65;Lübbecke
7701066;Chirurgische Innenstadtklinik Minden GmbH&Co.KG;Plankrankenhaus;Chirurgische Innenstadtklinik Minden GmbH&Co.KG;Gesellschaft mit beschränkter Haftung;Chirurgische Innenstadtklinik Minden GmbH&Co.KG;32423;Brühlstrasse 33;Minden
7741137;LWL-Klinik Paderborn;Plankrankenhaus;Landschaftsverband Westfalen-Lippe (LWL);Anstalt öffentlichen Rechts;LWL-Klinik Paderborn;33098;Agathastraße 1;Paderborn
9111307;Katholisches Klinikum Bochum;Hochschulklinik/Universitätsklinikum;Katholisches Klinikum Bochum gGmbH;gemeinnützige GmbH;Katholisches Klinikum Bochum;44791;Gudrunstraße 56;Bochum
9131337;LWL-Klinik Dortmund;Plankrankenhaus;Landschaftsverband Westfalen-Lippe (LWL);Anstalt öffentlichen Rechts;LWL-Klinik Dortmund;44287;Marsbruchstraße 179;Dortmund
9741234;Westfälische Klinik Warstein;Plankrankenhaus;Landschaftsverband Westfalen-Lippe (LWL);Anstalt öffentlichen Rechts;Westfälische Klinik Warstein;59581;Franz-Hegemann-Straße 23;Warstein
9741225;Mariannen-Hospital Werl;Plankrankenhaus;Mariannen-Hospital gGmbH;;Mariannen-Hospital Werl;59457;Unnaer Straße 15;Werl
9781240;KLW St. Paulus GmbH;Plankrankenhaus;KLW St. Paulus GmbH;;KLW St. Paulus GmbH;44534;Altstadtstraße 23;Lünen
9781241;Marienkrankenhaus Schwerte;Plankrankenhaus;MKS St. Paulus GmbH;;Marienkrankenhaus Schwerte;58239;Goethestraße 19;Schwerte
9781242;Marienkrankenhaus Schwerte-Schützenstraße;Plankrankenhaus;MKS St. Paulus GmbH;;Marienkrankenhaus Schwerte-Schützenstraße;58239;Schützenstraße 9;Schwerte
9781243;Christliches Klinikum Unna;Plankrankenhaus;Christliches Klinikum Unna gGmbH;;Christliches Klinikum Unna;59423;Obere Husemannstrasse 2;Unna
9781251;Fachklinik für Kinderneurologie und Sozialpädiatrie Königsborn;Plankrankenhaus;Lebenszentrum Königsborn gemeinnützige GmbH;;Fachklinik für Kinderneurologie und Sozialpädiatrie Königsborn;59425;Zimmerplatz 1;Unna
9111304;Universitätsklinikum'Knappschaftskrankenhaus Bochum-Langendreer;Hochschulklinik/Universitätsklinikum;Universitätsklinikum Knappschaftskrankenhaus Bochum GmbH;Gesellschaft mit beschränkter Haftung;Universitätsklinikum'Knappschaftskrankenhaus Bochum-Langendreer;44892;In der Schornau 23-25;Bochum
9781239;Klinikum Westfalen;Plankrankenhaus;Klinikum Westfalen GmbH;;Klinikum Westfalen;44309;Am Knappschaftskrankenhaus 1;Dortmund
9141401;Kath. Krankenhaus Hagen;Plankrankenhaus;Katholisches Krankenhaus Hagen gem. GmbH;;Kath. Krankenhaus Hagen;58097;Dreieckstraße 17;Hagen
9151203;St. Barbara Klinik Hamm GmbH;Plankrankenhaus;St. Franziskus-Stiftung Münster;;St. Barbara Klinik Hamm GmbH;59073;Am Heessener Wald 1;Hamm
9141408;VAMED Klinik Hagen-Ambrock;Plankrankenhaus;VAMED Klinik Hagen-Ambrock GmbH Sitz Hagen;;VAMED Klinik Hagen-Ambrock;58091;Ambrocker Weg 60;Hagen
9701611;VAMED Klinik Bad Berleburg;Plankrankenhaus;VAMED Klinik Bad Berleburg GmbH;;VAMED Klinik Bad Berleburg;57319;An der Gontardslust 7;Bad Berleburg
9741223;Marienkrankenhaus;Plankrankenhaus;Marienkrankenhaus gGmbH;;Marienkrankenhaus;59494;Widumgasse 5;Soest
9621440;Kath. Kliniken im Märkischen Kreis;Plankrankenhaus;Kath. Kliniken im Märkischen Kreis gem. GmbH;;Kath. Kliniken im Märkischen Kreis;58638;Hochstr. 63;Iserlohn
9141406;Ev. Krankenhaus Hagen-Haspe;Plankrankenhaus;Evangelisches Krankenhaus Hagen-Haspe gem. GmbH ;gemeinnützige GmbH;Ev. Krankenhaus Hagen-Haspe;58135;Brusebrinkstraße 20;Hagen
9701617;Diakonie Klinikum;Plankrankenhaus;Diakonie Klinikum GmbH;;Diakonie Klinikum;57074;Wichernstraße 40;Siegen
9131321;St. Johannes-Hospital;Plankrankenhaus;SJG St. Paulus GmbH;;St. Johannes-Hospital;44137;Johannesstraße 9-17;Dortmund
9131322;St. Elisabeth-Krankenhaus;Plankrankenhaus;SJG St. Paulus GmbH;;St. Elisabeth-Krankenhaus;44319;Kurler Straße 130;Dortmund
9131320;Marien-Hospital Dortmund-Hombruch;Plankrankenhaus;SJG St. Paulus GmbH;;Marien-Hospital Dortmund-Hombruch;44225;Gablonzstraße 9;Dortmund
9581501;Klinikum Hochsauerland;Plankrankenhaus;Klinikum Hochsauerland GmbH;Gesellschaft mit beschränkter Haftung;Klinikum Hochsauerland;59821;Nordring 37-41;Arnsberg
9541414;Fliedner Klinik Gevelsberg;Plankrankenhaus;Theodor Fliedner Stiftung;Stiftung des privaten Rechts;Fliedner Klinik Gevelsberg;58285;Sudfeldstr. 1;Gevelsberg
1130217;Ruhrlandklinik Essen - Westdeutsches Lungenzentrum am Universitätsklinikum Essen;Plankrankenhaus;Universitätsmedizin Essen;;Ruhrlandklinik Essen - Westdeutsches Lungenzentrum am Universitätsklinikum Essen;45239;Tüschener Weg 40;Essen
9111305;Valeara KJP Bochum GmbH;Plankrankenhaus;Valeara KJP Bochum GmbH;Gesellschaft mit beschränkter Haftung;Valeara KJP Bochum GmbH;44879;Axstraße 33;Bochum
1234567;;;;;Krankenhaus Mustername;40210;Musterstr. 1;Düsseldorf
3140670;Neurologisches Rehabilitationszentrum Godeshöhe;Plankrankenhaus;Johanniter GmbH;Gesellschaft mit beschränkter Haftung;Neurologisches Rehabilitationszentrum Godeshöhe;53177;Waldstr. 2-10;Bonn
3740575;Rheinisch-westfälisches Zentrum für Frührehabilitation und Beatmung in der Dr. Becker Rhein-Sieg-Klinik;Plankrankenhaus;Dr. Becker Klinikgesellschaft mbH und Co. KG;Personengesellschaft;Rheinisch-westfälisches Zentrum für Frührehabilitation und Beatmung in der Dr. Becker Rhein-Sieg-Klinik;51588;Höhenstraße 30;Nümbrecht
1110107;Schön Klinik Düsseldorf;Plankrankenhaus;Schön Klinik SE & Co. KG;Sonstige Rechtsform;Schön Klinik Düsseldorf;40549;Am Heerdter Krankenhaus 2;Düsseldorf
5660935;Maria-Josef-Hospital;Plankrankenhaus;Maria-Josef-Hospital Greven GmbH;gemeinnützige GmbH;Maria-Josef-Hospital;48268;Lindenstr. 29;Greven
3740576;MediClin Klinik Reichshof;Plankrankenhaus;MediClin GmbH & Co. KG Zweigniederlassung Reichshof-Eckenhagen;Gesellschaft mit beschränkter Haftung;MediClin Klinik Reichshof;51580;Berglandstraße 1;Reichshof-Eckenhagen
1620441;St. Mauritius Therapieklinik;Plankrankenhaus;St. Mauritius Therapieklinik Meerbusch gGmbH;;St. Mauritius Therapieklinik;40670;Strümper Straße 111;Meerbusch
9141405;AGAPLESION Allgemeines Krankenhaus Hagen;Plankrankenhaus;AGAPLESION gAG und Krankenhaus-Gesellschaft Hagen;;AGAPLESION Allgemeines Krankenhaus Hagen;58095;Grünstr. 35;Hagen
5120893;Valeara Bottrop GmbH;Plankrankenhaus;Valeara Bottrop GmbH;Gesellschaft mit beschränkter Haftung;Valeara Bottrop GmbH;46236;Hochstr. 41;Bottrop
3150535;RehaNova Köln;Plankrankenhaus;RehaNova Köln Neurologische Rehabilitationsklinik gGmbH;gemeinnützige GmbH;RehaNova Köln;51109;Ostmerheimer Straße 200;Köln
5580922;St. Marien-Hospital Lüdinghausen;Krankenhaus mit Versorgungsvertrag;St. Marien-Hospital Lüdinghausen GmbH;;St. Marien-Hospital Lüdinghausen;59348;Neustr. 1;Lüdinghausen
1110101;Universitätsklinikum Düsseldorf;Hochschulklinik/Universitätsklinikum;Universitätklinikum Düsseldorf AöR;;Universitätsklinikum Düsseldorf;40225;Moorenstraße 5;Düsseldorf
1110102;Sana Kliniken Düsseldorf;Krankenhaus mit Versorgungsvertrag;Sana Kliniken Düsseldorf GmbH;Gesellschaft mit beschränkter Haftung;Sana Kliniken Düsseldorf;40625;Gräulinger Straße 120;Düsseldorf
1110109;St. Martinus-Krankenhaus;Plankrankenhaus;Katharina Kasper ViaSalus GmbH;Gesellschaft mit beschränkter Haftung;St. Martinus-Krankenhaus;40219;Gladbacher Straße 26;Düsseldorf
1110110;Marien Hospital Düsseldorf;Plankrankenhaus;Marien Hospital Düsseldorf GmbH;Gesellschaft mit beschränkter Haftung;Marien Hospital Düsseldorf;40479;Rochusstr. 2;Düsseldorf
1110113;Florence-Nightingale-Krankenhaus;Plankrankenhaus;Kaiserswerther Diakonie;Sonstige Rechtsform;Florence-Nightingale-Krankenhaus;40489;Kreuzbergstraße 79;Düsseldorf
1110114;Ev. Krankenhaus;Plankrankenhaus;Stiftung Evangelisches Krankenhaus Düsseldorf;;Ev. Krankenhaus;40217;Kirchfeldstraße 40;Düsseldorf
1110116;Paracelsus Klinik Golzheim;Plankrankenhaus;Paracelsus-Kliniken Deutschland GmbH&Co. KGaA;Sonstige Rechtsform;Paracelsus Klinik Golzheim;40474;Friedrich- Lau-Str. 11;Düsseldorf
1120301;Sana Klinik Duisburg;Plankrankenhaus;Sana Kliniken Duisburg GmbH;;Sana Klinik Duisburg;47055;Zu den Rehwiesen 9-11;Duisburg
1120302;BG Klinikum Duisburg gGmbH;Plankrankenhaus;BG Klinikum Duisburg gGmbH;gemeinnützige GmbH;BG Klinikum Duisburg gGmbH;47249;Großenbaumer Allee 250;Duisburg
1120312;Ev. Klinikum Niederrhein;Plankrankenhaus;Evangelisches Klinikum Niederrhein gGmbH;gemeinnützige GmbH;Ev. Klinikum Niederrhein;47169;Fahrner Str. 133-135;Duisburg
1120314;Ev. Krankenhaus Bethesda;Plankrankenhaus;Evangelisches Klinikum Niederrhein gGmbH;gemeinnützige GmbH;Ev. Krankenhaus Bethesda;47053;Heerstr. 219;Duisburg
1130201;Universitätsklinikum Essen AöR;Hochschulklinik/Universitätsklinikum;Universitätsmedizin Essen;;Universitätsklinikum Essen AöR;45147;Hufelandstr. 55;Essen
1130203;St. Josef Krankenhaus Essen-Werden GmbH;Plankrankenhaus;Universitätsmedizin Essen;;St. Josef Krankenhaus Essen-Werden GmbH;45239;Propsteistr. 2;Essen
1130209;Elisabeth-Krankenhaus Essen GmbH;Plankrankenhaus;Elisabeth-Krankenhaus Essen GmbH;Gesellschaft mit beschränkter Haftung;Elisabeth-Krankenhaus Essen GmbH;45138;Klara-Kopp-Weg 1;Essen
1130212;Alfried-Krupp-Krankenhaus Steele;Plankrankenhaus;Alfried Krupp von Bohlen und Halbach Krankenhaus gemeinnützige GmbH;;Alfried-Krupp-Krankenhaus Steele;45276;Hellweg 100;Essen
1130213;Kliniken Essen-Mitte;Plankrankenhaus;KEM | Evang. Kliniken Essen-Mitte gGmbH;;Kliniken Essen-Mitte;45136;Henricistr. 92;Essen
1130216;Alfried-Krupp-Krankenhaus;Plankrankenhaus;Alfried Krupp von Bohlen und Halbach Krankenhaus gemeinnützige GmbH;;Alfried-Krupp-Krankenhaus;45131;Alfried-Krupp-Str. 21;Essen
1140402;Helios Klinikum Krefeld;Plankrankenhaus;Helios Klinikum Krefeld GmbH;;Helios Klinikum Krefeld;47805;Lutherplatz 40;Krefeld
1140403;Helios St. Josefshospital Uerdingen;Plankrankenhaus;Helios Rhein-Ruhr-Kliniken GmbH;Gesellschaft mit beschränkter Haftung;Helios St. Josefshospital Uerdingen;47829;Kurfürstenstraße 69;Krefeld
1140408;Krankenhaus Maria-Hilf Krefeld;Plankrankenhaus;Alexianer Krefeld GmbH;Gesellschaft mit beschränkter Haftung;Krankenhaus Maria-Hilf Krefeld;47805;Dießemer Bruch 81;Krefeld
1160413;Städt. Kliniken Mönchengladbach;Plankrankenhaus;Städtische Kliniken Mönchengladbach GmbH;;Städt. Kliniken Mönchengladbach;41239;Hubertusstraße 100;Mönchengladbach
1160415;Kliniken Maria Hilf;Plankrankenhaus;Kliniken Maria Hilf GmbH;;Kliniken Maria Hilf;41063;Viersener Straße 450;Mönchengladbach
1160417;Johanniter GmbH - Ev. Krankenhaus  Bethesda Mönchengladbach;Plankrankenhaus;Johanniter GmbH;Gesellschaft mit beschränkter Haftung;Johanniter GmbH - Ev. Krankenhaus  Bethesda Mönchengladbach;41061;Ludwig-Weber-Straße 15;Mönchengladbach
1160422;LVR-Klinik Mönchengladbach;Krankenhaus ohne Versorgungsvertrag;Landschaftsverband Rheinland;;LVR-Klinik Mönchengladbach;41239;Heinrich-Pesch-Straße 39-41;Mönchengladbach
1170225;St. Marien-Hospital;Plankrankenhaus;St. Marien-Hospital Mülheim an der Ruhr GmbH;;St. Marien-Hospital;45468;Kaiserstrasse 50;Mülheim an der Ruhr
1170226;Ev. Krankenhaus Mülheim an der Ruhr;Plankrankenhaus;Ev. Krankenhaus Mülheim an der Ruhr GmbH;Gesellschaft mit beschränkter Haftung;Ev. Krankenhaus Mülheim an der Ruhr;45468;Wertgasse 30;Mülheim an der Ruhr
1190234;Helios St. Elisabeth Klinik;Plankrankenhaus;Helios St. Elisabeth-Klinik Oberhausen GmbH;Gesellschaft mit beschränkter Haftung;Helios St. Elisabeth Klinik;46045;Josefstr. 3;Oberhausen
1190235;AMEOS Klinika Oberhausen;Plankrankenhaus;AMEOS Krankenhausgesellschaft Oberhausen mbH;Gesellschaft mit beschränkter Haftung;AMEOS Klinika Oberhausen;46145;Wilhelmstraße 34;Oberhausen
1190239;Ev. Krankenhaus Oberhausen;Plankrankenhaus;Evangelisches Krankenhaus Oberhausen GmbH;Gesellschaft mit beschränkter Haftung;Ev. Krankenhaus Oberhausen;46047;Virchowstr. 20;Oberhausen
1220134;Städt. Klinikum Solingen;Plankrankenhaus;Stadt Solingen;;Städt. Klinikum Solingen;42653;Gotenstraße 1;Solingen
1220135;St. Lukas Klinik;Plankrankenhaus;St. Lukas Klinik GmbH;Gesellschaft mit beschränkter Haftung;St. Lukas Klinik;42697;Schwanenstraße 132;Solingen
1220130;Krankenhaus Bethanien;Plankrankenhaus;Krankenhaus Bethanien gGmbH;gemeinnützige GmbH;Krankenhaus Bethanien;42699;Aufderhöher Straße 169;Solingen
1240142;Helios Universitätsklinikum Wuppertal;Plankrankenhaus;Helios Klinikum Wuppertal GmbH;;Helios Universitätsklinikum Wuppertal;42283;Heusnerstraße 40;Wuppertal
1240145;Klinikverbund St. Antonius und St. Josef;Plankrankenhaus;Klinikverbund St. Antonius und St. Josef GmbH;;Klinikverbund St. Antonius und St. Josef;42283;Carnaper Str. 48;Wuppertal
1240146;Agaplesion Bethesda Krankenhaus;Plankrankenhaus;AGAPLESION BETHESDA KRANKENHAUS WUPPERTAL  gGmbH;;Agaplesion Bethesda Krankenhaus;42109;Hainstr. 35;Wuppertal
1540323;St. Willibrord-Spital Emmerich;Plankrankenhaus;St. Willibrord-Spital Emmerich-Rees gGmbH;;St. Willibrord-Spital Emmerich;46446;Willibrordstraße 9;Emmerich
1540324;St. Clemens-Hospital;Plankrankenhaus;cusanus trägergesellschaft trier mbH;Gesellschaft mit beschränkter Haftung;St. Clemens-Hospital;47608;Clemensstraße 6;Geldern
1540325;Wilhelm-Anton-Hospital;Plankrankenhaus;Katholische Karl-Leisner-Trägergesellschaft mbH ;;Wilhelm-Anton-Hospital;47574;Voßheider Str. 214;Goch
1540327;St. Nikolaus-Hospital Kalkar;Plankrankenhaus;Katholische Karl-Leisner-Trägergesellschaft mbH ;;St. Nikolaus-Hospital Kalkar;47546;Grabenstraße 86-88;Kalkar
1540328;Marienhospital;Plankrankenhaus;Katholische Karl-Leisner-Trägergesellschaft mbH ;;Marienhospital;47623;Basilikastr. 55;Kevelaer
1540329;St. Antonius - Hospital;Plankrankenhaus;Katholische Karl-Leisner-Trägergesellschaft mbH ;;St. Antonius - Hospital;47533;Albersallee 5-7;Kleve
1580154;St. Josefs Krankenhaus;Plankrankenhaus;St. Josefs Krankenhaus Hilden GmbH;;St. Josefs Krankenhaus;40724;Walder Straße 34-38;Hilden
1580155;GFO Klinik Langenfeld St. Martinus Krankenhaus;Plankrankenhaus;Gemeinnützige Gesellschaft der Franziskanerinnen zu Olpe mbH;gemeinnützige GmbH;GFO Klinik Langenfeld St. Martinus Krankenhaus;40764;Klosterstraße 32;Langenfeld
1580157;Evangelisches Krankenhaus Mettmann GmbH;Plankrankenhaus;Evangelisches Krankenhaus Mettmann GmbH;Gesellschaft mit beschränkter Haftung;Evangelisches Krankenhaus Mettmann GmbH;40822;Gartenstraße 4 - 8;Mettmann
1580158;St. Marien-Krankenhaus;Plankrankenhaus;St. Marien-Krankenhaus GmbH;Gesellschaft mit beschränkter Haftung;St. Marien-Krankenhaus;40878;Werdener Strasse 3;Ratingen
1580159;Fachklinik 360°;Plankrankenhaus;Fachklinik 360° GmbH;;Fachklinik 360°;40882;Rosenstraße 2;Ratingen
1580168;Theodor-Fliedner-Krankenhaus;Plankrankenhaus;Theodor Fliedner Stiftung;Stiftung des privaten Rechts;Theodor-Fliedner-Krankenhaus;40885;Thunesweg 58;Ratingen
1620425;Rheinland Klinikum, Grevenbroich;Plankrankenhaus;Rheinland Klinikum Neuss GmbH;Gesellschaft mit beschränkter Haftung;Rheinland Klinikum, Grevenbroich;41515;Von-Werth-Straße 5;Grevenbroich
1620429;Johanna-Etienne-Krankenhaus;Plankrankenhaus;Johanna Etienne Krankenhaus gGmbH;;Johanna-Etienne-Krankenhaus;41462;Am Hasenberg 46;Neuss
1660439;Hospital Zum Heiligen Geist;Plankrankenhaus;Artemed SE;Sonstige Rechtsform;Hospital Zum Heiligen Geist;47906;Von-Broichhausen-Allee 1;Kempen
1660440;Städtisches Krankenhaus Nettetal;Plankrankenhaus;Städtisches Krankenhaus Nettetal GmbH;Gesellschaft mit beschränkter Haftung;Städtisches Krankenhaus Nettetal;41334;Sassenfelder Kirchweg 1;Nettetal
1660443;LVR-Klinik für Orthopädie Viersen;Plankrankenhaus;Landschaftsverband Rheinland;;LVR-Klinik für Orthopädie Viersen;41749;Horionstraße 2;Viersen
1660445;St. Irmgardis-Krankenhaus Süchteln;Plankrankenhaus;St. Irmgardis-Krankenhaus Süchteln GmbH;;St. Irmgardis-Krankenhaus Süchteln;41749;Tönisvorster Straße 26;Viersen
1660446;Allgemeines Krankenhaus;Plankrankenhaus;Allgemeines Krankenhaus Viersen GmbH;Gesellschaft mit beschränkter Haftung;Allgemeines Krankenhaus;41747;Hoserkirchweg 63;Viersen
1700347;St. Josef-Krankenhaus;Plankrankenhaus;Stiftung St. Josef Krankenhaus Moers;;St. Josef-Krankenhaus;47441;Asberger Straße 4;Moers
1700348;Krankenhaus Bethanien;Plankrankenhaus;Stiftung Krankenhaus Bethanien für die Grafschaft Moers;;Krankenhaus Bethanien;47441;Bethanienstraße 21;Moers
1700352;Marien-Hospital;Plankrankenhaus;Marien-Hospital gGmbH;;Marien-Hospital;46483;Pastor-Janßen-Straße 8-38;Wesel
1700353;Ev. Krankenhaus;Plankrankenhaus;Evangelisches Krankenhaus Wesel GmbH;;Ev. Krankenhaus;46485;Schermbecker Landstraße 88;Wesel
1700354;St. Josef-Hospital GmbH;Plankrankenhaus;Sankt Josef-Hospital GmbH;Gesellschaft mit beschränkter Haftung;St. Josef-Hospital GmbH;46509;In der Hees 4;Xanten
1580171;Heilpädagogisches -Psychotherapeutisches Zentrum, Wülfrath;Plankrankenhaus;BDS Bergische Diakonie Sozialdienstleistungen gGmbH;;Heilpädagogisches -Psychotherapeutisches Zentrum, Wülfrath;42489;Erfurthweg 28;Wülfrath
1120315;Johanniter-Krankenhaus Rheinhausen GmbH;Plankrankenhaus;Johanniter GmbH;Gesellschaft mit beschränkter Haftung;Johanniter-Krankenhaus Rheinhausen GmbH;47228;Kreuzacker 1-7;Duisburg
1580150;Capio Klinik am Park;Krankenhaus mit Versorgungsvertrag;Capio Deutsche Klinik GmbH;;Capio Klinik am Park;40721;Hagelkreuzstraße 37;Hilden
1580153;St. Josef-Krankenhaus;Plankrankenhaus;St. Josef Krankenhaus Haan GmbH;Gesellschaft mit beschränkter Haftung;St. Josef-Krankenhaus;42781;Robert-Koch-Straße 16;Haan
1160412;Krankenhaus Neuwerk Maria von den Aposteln;Plankrankenhaus;Krankenhaus Neuwerk Maria von den Aposteln gGmbH;gemeinnützige GmbH;Krankenhaus Neuwerk Maria von den Aposteln;41066;Dünner Straße 214 - 216;Mönchengladbach
1620431;Rheinland Klinikum, Neuss;Plankrankenhaus;Rheinland Klinikum Neuss GmbH;Gesellschaft mit beschränkter Haftung;Rheinland Klinikum, Neuss;41464;Preußenstr. 84;Neuss
1110106;Krankenhaus Mörsenbroich-Rath;Krankenhaus mit Versorgungsvertrag;Krankenhaus Mörsenbroich-Rath GmbH;Gesellschaft mit beschränkter Haftung;Krankenhaus Mörsenbroich-Rath;40472;Amalienstraße 9;Düsseldorf
1130205;Kath. Klinikum Essen;Plankrankenhaus;Katholisches Klinikum Essen GmbH;;Kath. Klinikum Essen;45329;Hospitalstr. 24;Essen
1130204;Kath. Kliniken Ruhrhalbinsel;Plankrankenhaus;Contilia GmbH ;;Kath. Kliniken Ruhrhalbinsel;45257;Heidbergweg 22-24;Essen
1110100;Luisenkrankenhaus Düsseldorf;Krankenhaus mit Versorgungsvertrag;Luisenkrankenhaus Verwaltungs-GmbH;Gesellschaft mit beschränkter Haftung;Luisenkrankenhaus Düsseldorf;40235;Luise-Rainer-Straße 6-10;Düsseldorf
1620437;Alexianer-Klinik Meerbusch;Plankrankenhaus;Alexianer-Klinik Meerbusch GmbH;Gesellschaft mit beschränkter Haftung;Alexianer-Klinik Meerbusch;40667;Am Eisenbrand 20b/c;Meerbusch
1700346;St. Bernhard-Hospital Kamp-Lintfort;Plankrankenhaus;St. Bernhard-Hospital Kamp-Lintfort GmbH;;St. Bernhard-Hospital Kamp-Lintfort;47475;Bürgerm.-Schmelzing-Straße 90;Kamp-Lintfort
1620428;St. Elisabeth-Hospital Meerbusch-Lank;Plankrankenhaus;St. Elisabeth Hospitalgesellschaft Niederrhein mbH;;St. Elisabeth-Hospital Meerbusch-Lank;40668;Hauptstraße 74 - 76;Meerbusch-Lank
1200127;Sana Fabricius-Klinik Remscheid GmbH;Plankrankenhaus;Sana Fabricius-Klinik Remscheid GmbH;Gesellschaft mit beschränkter Haftung;Sana Fabricius-Klinik Remscheid GmbH;42853;Brüderstrasse 65;Remscheid
1120304;Helios Rhein-Ruhr-Klinikum GmbH;Plankrankenhaus;Helios Rhein-Ruhr-Kliniken GmbH;Gesellschaft mit beschränkter Haftung;Helios Rhein-Ruhr-Klinikum GmbH;47259;Albertus-Magnus-Str. 33;Duisburg
3130702;Marienhospital Aachen;Plankrankenhaus;Katholische Stiftung Marienhospital Aachen;Stiftung des privaten Rechts;Marienhospital Aachen;52066;Zeise 4;Aachen
3130706;Luisenhospital Aachen;Plankrankenhaus;Evangelischer Krankenhausverein zu Aachen von 1867;Sonstige Rechtsform;Luisenhospital Aachen;52064;Boxgraben 99;Aachen
3140601;Universitätsklinikum Bonn AöR;Hochschulklinik/Universitätsklinikum;Universitätsklinikum Bonn, AöR;;Universitätsklinikum Bonn AöR;53127;Venusberg-Campus 1;Bonn
3140602;Gemeinschaftskrankenhaus Bonn St. Petrus (inkl. St. Elisabeth);Plankrankenhaus;Gemeinschaftskrankenhaus Bonn St. Elisabeth St. Petrus St. Johannes gGmbH;;Gemeinschaftskrankenhaus Bonn St. Petrus (inkl. St. Elisabeth);53113;Bonner Talweg 4-6;Bonn
3140610;Helios Klinikum Bonn/Rhein-Sieg;Plankrankenhaus;HELIOS Klinikum Siegburg GmbH;Gesellschaft mit beschränkter Haftung;Helios Klinikum Bonn/Rhein-Sieg;53123;Von-Hompesch-Str. 1;Bonn
3140612;Johanniter-Krankenhaus Bonn;Plankrankenhaus;Johanniter GmbH;Gesellschaft mit beschränkter Haftung;Johanniter-Krankenhaus Bonn;53113;Johanniterstr 3-5;Bonn
3140613;Waldkrankenhaus;Plankrankenhaus;Johanniter GmbH;Gesellschaft mit beschränkter Haftung;Waldkrankenhaus;53177;Waldstr. 73;Bonn
3140614;Robert-Janker-Klinik;Plankrankenhaus;Dr. Höfer Janker GmbH & Co. Klinik KG;Sonstige Rechtsform;Robert-Janker-Klinik;53129;Villenstraße 8;Bonn
3150504;Krankenhaus Köln-Holweide;Plankrankenhaus;;;Krankenhaus Köln-Holweide;51067;Neufelder Str. 32;Köln
3150510;Eduardus-Krankenhaus;Plankrankenhaus;Eduardus-Krankenhaus gGmbH;gemeinnützige GmbH;Eduardus-Krankenhaus;50679;Custodisstr. 3-17;Köln
3150512;St. Agatha-Krankenhaus Köln gGmbH;Plankrankenhaus;Stiftung der Cellitinnen e.V;gemeinnützige GmbH;St. Agatha-Krankenhaus Köln gGmbH;50735;Feldgärtenstr. 97;Köln
3150513;Heilig-Geist-Krankenhaus - Longerich;Plankrankenhaus;Heilig Geist-Krankenhaus GmbH;gemeinnützige GmbH;Heilig-Geist-Krankenhaus - Longerich;50737;Graseggerstr. 105;Köln
3150516;Krankenhaus der Augustinerinnen;Plankrankenhaus;Augustinerinnen Krankenhäuser gGmbH;;Krankenhaus der Augustinerinnen;50678;Jakobstr. 27-31;Köln
3150517;St. Marien-Hospital;Plankrankenhaus;St. Marien-Hospital GmbH;;St. Marien-Hospital;50668;Kunibertskloster 11- 13;Köln
3150518;St. Vinzenz-Hospital;Plankrankenhaus;St. Vinzenz-Hospital GmbH;Gesellschaft mit beschränkter Haftung;St. Vinzenz-Hospital;50733;Merheimer Str. 221-223;Köln
3150519;St. Antonius-Krankenhaus;Plankrankenhaus;St. Antonius Krankenhaus, Köln, gGmbH;Stiftung des öffentlichen Rechts;St. Antonius-Krankenhaus;50968;Schillerstr. 23;Köln
3150520;St. Franziskus-Hospital;Plankrankenhaus;Stiftung der Cellitinnen zur heiligen Maria;;St. Franziskus-Hospital;50825;Schönsteinstr. 63;Köln
3150521;St. Elisabeth-Krankenhaus;Plankrankenhaus;St. Elisabeth-Krankenhaus GmbH. Gesellschafter sind der Diözesan-Caritasverband für das Erzbistum Köln e. V. und die Caritas-Trägergesellschaft West g;;St. Elisabeth-Krankenhaus;50935;Werthmannstr. 1;Köln
3150523;Ev. Krankenhaus - Kalk;Plankrankenhaus;Evangelisches Krankenhaus Kalk gGmbH;gemeinnützige GmbH;Ev. Krankenhaus - Kalk;51103;Buchforststraße 2;Köln
3150524;Ev. Krankenhaus Köln Weyertal;Plankrankenhaus;Evangelisches Klinikum Köln Weyertal GmbH;;Ev. Krankenhaus Köln Weyertal;50931;Weyertal 76;Köln
3150526;Krankenhaus Porz am Rhein;Krankenhaus mit Versorgungsvertrag;KRANKENHAUS PORZ AM RHEIN gGmbH;Stiftung des öffentlichen Rechts;Krankenhaus Porz am Rhein;51149;Urbacher Weg 19;Köln
3160536;Klinikum Leverkusen;Plankrankenhaus;Klinikum Leverkusen gGmbH;;Klinikum Leverkusen;51375;Am Gesundheitspark 11;Leverkusen
3160538;Katholische Kranken- und Pflegeeinrichtung Leverkusen;Plankrankenhaus;Katholische Kranken- und Pflegeeinrichtungen Leverkusen GmbH;gemeinnützige GmbH;Katholische Kranken- und Pflegeeinrichtung Leverkusen;51379;An St. Remigus 26;Leverkusen
3540715;St.-Antonius-Hospital;Plankrankenhaus;St.-Antonius-Hospital gGmbH;gemeinnützige GmbH;St.-Antonius-Hospital;52249;Dechant-Deckers-Straße 8;Eschweiler
3540716;Eifelklinik St. Brigida;Plankrankenhaus;Artemed SE;Gesellschaft mit beschränkter Haftung;Eifelklinik St. Brigida;52152;Kammerbruchstraße 8;Simmerath
3540717;Bethlehem-Krankenhaus;Plankrankenhaus;Bethlehem Gesundheitszentrum Stolberg gGmbH;gemeinnützige GmbH;Bethlehem-Krankenhaus;52222;Steinfeldstr. 5;Stolberg
3580727;Krankenhaus Düren;Krankenhaus mit Versorgungsvertrag;Krankenhaus Düren gem. GmbH;gemeinnützige GmbH;Krankenhaus Düren;52351;Roonstr. 30;Düren
3580728;St. Marien-Hospital gGmbH Düren;Plankrankenhaus;Josefs-Gesellschaft gGmbH;gemeinnützige GmbH;St. Marien-Hospital gGmbH Düren;52353;Hospitalstrasse 44;Düren-Birkesdorf
3580729;St. Augustinus-Krankenhaus;Plankrankenhaus;St. Augustinus Krankenhaus GmbH;;St. Augustinus-Krankenhaus;52355;Renkerstraße 45;Düren
3620543;Krankenhaus St. Hubertusstift;Plankrankenhaus;St. Hubertus-Stift GmbH;Gesellschaft mit beschränkter Haftung;Krankenhaus St. Hubertusstift;50181;Klosterstraße 21 a;Bedburg
3620544;Maria-Hilf-Krankenhaus;Plankrankenhaus;Maria-Hilf-Krankenhaus, Bergheim/Erft gGmbH;gemeinnützige GmbH;Maria-Hilf-Krankenhaus;50126;Klosterstr. 2;Bergheim
3620545;GFO Klinik Brühl Marienhospital;Plankrankenhaus;Gemeinnützige Gesellschaft der Franziskanerinnen zu Olpe mbH;gemeinnützige GmbH;GFO Klinik Brühl Marienhospital;50321;Mühlenstraße 21-25;Brühl
3620546;Marien-Hospital;Plankrankenhaus;Stiftung Marien-Hospital Erftstadt-Frauenthal;Stiftung des privaten Rechts;Marien-Hospital;50374;Münchweg 3;Erftstadt
3620547;St. Katharinen-Hospital;Plankrankenhaus;St.-Katharinen-Hospital GmbH;Gesellschaft mit beschränkter Haftung;St. Katharinen-Hospital;50226;Kapellenstraße 1-5;Frechen
3620548;Sana-Krankenhaus Hürth GmbH;Plankrankenhaus;Sana-Krankenhaus Hürth GmbH;Gesellschaft mit beschränkter Haftung;Sana-Krankenhaus Hürth GmbH;50354;Krankenhausstraße 42;Hürth
3620509;Dreifaltigkeits-Krankenhaus;Plankrankenhaus;Katharina Kasper ViaSalus GmbH;Gesellschaft mit beschränkter Haftung;Dreifaltigkeits-Krankenhaus;50389;Bonner Straße 84;Wesseling
3660631;Kreiskrankenhaus Mechernich / Krankenhaus Schleiden;Plankrankenhaus;Kreiskrankenhaus Mechernich GmbH;Gesellschaft mit beschränkter Haftung;Kreiskrankenhaus Mechernich / Krankenhaus Schleiden;53894;St.-Elisabeth-Straße 2-6;Mechernich
3700739;Hermann-Josef-Krankenhaus;Plankrankenhaus;Hermann-Josef-Stiftung;;Hermann-Josef-Krankenhaus;41812;Tenholter Straße 43;Erkelenz
3700740;St. Elisabeth-Krankenhaus;Plankrankenhaus;St. Elisabeth-Krankenhaus Geilenkirchen gemeinnützige Gesellschaft mbH;;St. Elisabeth-Krankenhaus;52511;Martin-Heyden-Straße 32;Geilenkirchen
3700741;Städt. Krankenhaus Heinsberg;Plankrankenhaus;Städtisches Krankenhaus Heinsberg GmbH;;Städt. Krankenhaus Heinsberg;52525;Auf dem Brand 1;Heinsberg
3740560;GFO Klinik Engelskirchen St. Josef Krankenhaus;Plankrankenhaus;Gemeinnützige Gesellschaft der Franziskanerinnen zu Olpe mbH;gemeinnützige GmbH;GFO Klinik Engelskirchen St. Josef Krankenhaus;51766;Wohlandstraße 30;Engelskirchen
3820649;GFO Kliniken Troisdorf;Plankrankenhaus;Gemeinnützige Gesellschaft der Franziskanerinnen zu Olpe mbH;gemeinnützige GmbH;GFO Kliniken Troisdorf;53840;Hospitalstraße 45;Troisdorf
3150525;Klinik Alteburger Straße;Plankrankenhaus;Klinik Alteburger Straße gGmbH;Gesellschaft mit beschränkter Haftung;Klinik Alteburger Straße;50678;Alteburger Straße 8-12;Köln
3740565;Sana Krankenhaus Radevormwald;Plankrankenhaus;Sana Kliniken AG;;Sana Krankenhaus Radevormwald;42477;Siepenstraße 33;Radevormwald
3740572;Fachklinik Curt-von-Knobelsdorff-Haus;Plankrankenhaus;Blaues Kreuz Diakoniewerk mGmbH;gemeinnützige GmbH;Fachklinik Curt-von-Knobelsdorff-Haus;42477;Hermannstraße 17;Radevormwald
3780576;GFO Kliniken Rhein-Berg;Plankrankenhaus;Gemeinnützige Gesellschaft der Franziskanerinnen zu Olpe mbH;gemeinnützige GmbH;GFO Kliniken Rhein-Berg;51465;Dr.-Robert-Koch-Straße 18;Bergisch Gladbach
3780577;Ev. Krankenhaus Bergisch Gladbach;Plankrankenhaus;Evangelische Kliniken Rheinland gemeinnützige GmbH;;Ev. Krankenhaus Bergisch Gladbach;51465;Ferrenbergstrasse 24;Bergisch Gladbach
3780578;Krankenhaus Wermelskirchen;Plankrankenhaus;Krankenhaus Wermelskirchen GmbH;;Krankenhaus Wermelskirchen;42929;Königstraße 100;Wermelskirchen
3820656;Rhein-Klinik;Plankrankenhaus;Evangelisches Johanneswerk gGmbH;;Rhein-Klinik;53604;Luisenstraße 3;Bad Honnef
3820642;St. Franziskus Krankenhaus GmbH;Plankrankenhaus;SFE Beteiligungsgesellschaft mbH;;St. Franziskus Krankenhaus GmbH;53783;Hospitalstrasse 7;Eitorf
3780579;Psychosomatische Klinik;Plankrankenhaus;PSK Psychosomatische Klinik Bergisch Land gGmbH;Gesellschaft mit beschränkter Haftung;Psychosomatische Klinik;51469;Schlodderdicher Weg 23a;Bergisch Gladbach
3540719;Rhein-Maas-Klinikum;Plankrankenhaus;Rhein-Maas Klinikum GmbH;Gesellschaft mit beschränkter Haftung;Rhein-Maas-Klinikum;52146;Mauerfeldchen 25;Würselen
3140600;Augenklinik Dardenne;Krankenhaus mit Versorgungsvertrag;Augenklinik Dardenne SE;Aktiengesellschaft;Augenklinik Dardenne;53177;Friedrich-Ebert-Straße 23-25;Bonn
3150505;Städt. Krankenhaus Köln-Merheim;Plankrankenhaus;;;Städt. Krankenhaus Köln-Merheim;51109;Ostmerheimer Str. 200;Köln
3150502;Städt. Kinderkrankenhaus;Plankrankenhaus;;;Städt. Kinderkrankenhaus;50735;Amsterdamerstr. 59;Köln
3150508;St. Hildegardis Krankenhaus;Plankrankenhaus;Augustinerinnen Krankenhäuser gGmbH;;St. Hildegardis Krankenhaus;50931;Bachemer Str. 29-33;Köln
3820648;Helios Klinikum Siegburg;Plankrankenhaus;HELIOS Klinikum Siegburg GmbH;Gesellschaft mit beschränkter Haftung;Helios Klinikum Siegburg;53721;Ringstraße 49;Siegburg
3580730;St. Elisabeth Krankenhaus;Plankrankenhaus;katholische Nord-Kreis Kliniken GmbH;;St. Elisabeth Krankenhaus;52428;Kurfürstenstr. 22;Jülich
3150507;Sana Dreifaltigkeits-Krankenhaus Köln GmbH;Plankrankenhaus;Sana Kliniken AG;Gesellschaft mit beschränkter Haftung;Sana Dreifaltigkeits-Krankenhaus Köln GmbH;50933;Aachener Str 445-449;Köln
3740567;Helios Klinik Wipperfürth;Plankrankenhaus;Helios Klinik Wipperfürth GmbH;Gesellschaft mit beschränkter Haftung;Helios Klinik Wipperfürth;51688;Alte-Kölner-Straße 9;Wipperfürth
5130806;Elisabeth Krankenhaus Gelsenkirchen;Plankrankenhaus;St. Augustinus Gelsenkirchen GmbH;;Elisabeth Krankenhaus Gelsenkirchen;45891;Cranger Strasse 226;Gelsenkirchen
5130807;Marienhospital Gelsenkirchen GmbH;Plankrankenhaus;St. Augustinus Gelsenkirchen GmbH;;Marienhospital Gelsenkirchen GmbH;45886;Virchowstraße 122;Gelsenkirchen
5130808;St. Marien-Hospital Buer GmbH;Plankrankenhaus;St. Augustinus Gelsenkirchen GmbH;;St. Marien-Hospital Buer GmbH;45894;Mühlenstraße 5-9;Gelsenkirchen
5150902;Ludgerus-Kliniken Münster GmbH  (Standort Clemenshospital & Standort Raphaelsklinik);Plankrankenhaus;Ludgerus-Kliniken Münster GmbH;gemeinnützige GmbH;Ludgerus-Kliniken Münster GmbH  (Standort Clemenshospital & Standort Raphaelsklinik);48153;Düesbergweg 124;Münster
5150903;Herz-Jesu-Krankenhaus;Plankrankenhaus;Herz-Jesu-Krankenhaus Hiltrup GmbH;;Herz-Jesu-Krankenhaus;48165;Westfalenstraße 109;Münster
5150906;EVK Münster - Alexianer Johannisstift GmbH;Plankrankenhaus;Alexianer Johannisstift GmbH;;EVK Münster - Alexianer Johannisstift GmbH;48147;Wichernstraße 8;Münster
5150912;Fachklinik Hornheide;Plankrankenhaus;Fachklinik Hornheide e. V.;Sonstige Rechtsform;Fachklinik Hornheide;48157;Dorbaumstrasse 300;Münster
5540987;Klinikum Westmünsterland;Plankrankenhaus;Klinikum Westmünsterland GmbH;Gesellschaft mit beschränkter Haftung;Klinikum Westmünsterland;46325;Am Boltenhof 7;Borken
5540989;St. Antonius-Hospital;Plankrankenhaus;St. Antonius-Hospital Gronau GmbH;Gesellschaft mit beschränkter Haftung;St. Antonius-Hospital;48599;Möllenweg 22;Gronau
5540991;Augustahospital;Plankrankenhaus;Alexianer Misericordia GmbH;;Augustahospital;46419;Augustastraße 8;Isselburg-Anholt
5620853;St. Vincenz-Krankenhaus Datteln;Plankrankenhaus;Vestische Caritas-Kliniken GmbH;gemeinnützige GmbH;St. Vincenz-Krankenhaus Datteln;45711;Rottstraße 11;Datteln
5620861;Stiftungsklinikum PROSELIS;Plankrankenhaus;Stiftungsklinikum Proselis gGmbH;;Stiftungsklinikum PROSELIS;45659;Mühlenstrasse 27;Recklinghausen
5620861;Stiftungsklinikum PROSELIS;Plankrankenhaus;Stiftungsklinikum Proselis gGmbH;;Elisabeth Krankenhaus;45661;Röntgenstraße 10;Recklinghausen
5620863;St. Laurentius-Stift;Plankrankenhaus;Vestische Caritas-Kliniken GmbH;gemeinnützige GmbH;St. Laurentius-Stift;45731;Hochstrasse 20;Waltrop
5700965;St. Franziskus-Hospital, Ahlen;Plankrankenhaus;St. Franziskus-Hospital Ahlen GmbH;gemeinnützige GmbH;St. Franziskus-Hospital, Ahlen;59227;Robert-Koch-Straße 55;Ahlen
5700966;St. Elisabeth-Hospital Beckum;Plankrankenhaus;St. Elisabeth-Hospital Beckum GmbH;gemeinnützige GmbH;St. Elisabeth-Hospital Beckum;59269;Elisabethstraße 10;Beckum
5700972;St. Josef-Stift Sendenhorst;Plankrankenhaus;Stiftung St. Josef-Stift Sendenhorst;;St. Josef-Stift Sendenhorst;48324;Westtor 7;Sendenhorst
5700975;Josephs-Hospital;Plankrankenhaus;Stiftung Josephs-Hospital Warendorf;Stiftung des privaten Rechts;Josephs-Hospital;48231;Am Krankenhaus 2;Warendorf
5120890;Knappschaftskrankenhaus;Plankrankenhaus;Knappschaftskrankenhaus Bottrop GmbH;;Knappschaftskrankenhaus;46242;Osterfelder Straße 157;Bottrop
5620860;Klinikum Vest;Plankrankenhaus;Klinikum Vest GmbH;;Klinikum Vest;45657;Dorstener Straße 151;Recklinghausen
5150904;St. Franziskus-Hospital, Münster;Plankrankenhaus;St. Franziskus-Hospital Münster GmbH;Gesellschaft mit beschränkter Haftung;St. Franziskus-Hospital, Münster;48145;Hohenzollernring 70;Münster
5660942;Helios Klinik Lengerich GmbH;Plankrankenhaus;Helios Klinik Lengerich GmbH;Gesellschaft mit beschränkter Haftung;Helios Klinik Lengerich GmbH;49525;Martin-Luther-Straße 49;Lengerich
5120892;Marien-Hospital;Plankrankenhaus;Marienhospital Bottrop gGmbH;;Marien-Hospital;46236;Josef-Albers-Straße 70;Bottrop
5620859;Kath. Klinikum Ruhrgebiet-Nord;Plankrankenhaus;KKRN Katholisches Klinikum Ruhrgebiet Nord GmbH;;Kath. Klinikum Ruhrgebiet-Nord;45768;Hervester Straße 57;Marl
7111002;Klinikum Bielefeld gem.GmbH;Hochschulklinik/Universitätsklinikum;Klinikum Bielefeld gem.GmbH;;Klinikum Bielefeld gem.GmbH;33604;Teutoburger Straße 50;Bielefeld
7111007;Klinik Dr. Hartog;Krankenhaus mit Versorgungsvertrag;Moritz Hartog;;Klinik Dr. Hartog;33615;Kiskerstraße 15;Bielefeld
7541016;Klinikum Gütersloh;Plankrankenhaus;Klinikum Gütersloh gemeinnützige GmbH;gemeinnützige GmbH;Klinikum Gütersloh;33332;Reckenberger Straße 19;Gütersloh
7541017;St. Elisabeth-Hospital;Plankrankenhaus;St. Elisabeth-Hospital GmbH;;St. Elisabeth-Hospital;33332;Stadtring Kattenstroth 130;Gütersloh
7581040;Lukas-Krankenhaus Bünde;Plankrankenhaus;Lukas-Krankenhaus Bünde gGmbH;gemeinnützige GmbH;Lukas-Krankenhaus Bünde;32257;Hindenburgstraße 56;Bünde
7581041;Ev. Krankenhaus Enger;Plankrankenhaus;Ev. Krankenhaus Enger gemeinnützige Betriebsgesellschaft mbH;;Ev. Krankenhaus Enger;32130;Hagenstraße 47;Enger
7621104;Klinikum Weser-Egge;Plankrankenhaus;Kath. Hospitalvereinigung Weser-Egge gGmbH;gemeinnützige GmbH;Klinikum Weser-Egge;37671;Brenkhäuser Straße 71;Höxter
7621108;Helios Klinikum Warburg;Plankrankenhaus;Helios Klinikum Warburg GmbH;Gesellschaft mit beschränkter Haftung;Helios Klinikum Warburg;34414;Hüffertstrasse 50;Warburg
7661055;AMEOS Klinikum Bad Salzuflen;Plankrankenhaus;AMEOS Klinikum Bad Salzuflen GmbH & Co. KG;GmbH &Co. KG;AMEOS Klinikum Bad Salzuflen;32105;Waldstr. 2;Bad Salzuflen
7701061;Krankenhaus Bad Oeynhausen;Plankrankenhaus;Mühlenkreiskliniken AöR;Anstalt öffentlichen Rechts;Krankenhaus Bad Oeynhausen;32545;Wielandstraße 28;Bad Oeynhausen
7701062;Auguste-Viktoria-Klinik;Hochschulklinik/Universitätsklinikum;Mühlenkreiskliniken AöR;Anstalt öffentlichen Rechts;Auguste-Viktoria-Klinik;32545;Am Kokturkanal 2;Bad Oeynhausen
7701069;Herz- und Diabeteszentrum Nordrhein-Westfalen;Hochschulklinik/Universitätsklinikum;Krankenhausbetriebsgesellschaft Bad Oeynhausen mbH, Georgstr. 11;Gesellschaft mit beschränkter Haftung;Herz- und Diabeteszentrum Nordrhein-Westfalen;32545;Georgstr. 11;Bad Oeynhausen
7701073;Rheuma-Klinik Dr. Lauven;Plankrankenhaus;Rheuma-Klinik Dr. Lauven e.V.;;Rheuma-Klinik Dr. Lauven;32545;Bismarckstraße 7;Bad Oeynhausen
7701064;Johannes Wesling Klinikum;Hochschulklinik/Universitätsklinikum;Mühlenkreiskliniken AöR;Anstalt öffentlichen Rechts;Johannes Wesling Klinikum;32429;Hans-Nolte-Straße 1;Minden
7741136;Karl-Hansen-Klinik GmbH;Plankrankenhaus;Karl-Hansen-Klinik GmbH;Gesellschaft mit beschränkter Haftung;Karl-Hansen-Klinik GmbH;33175;Antoniusstraße 19;Bad Lippspringe
9131338;LWL-Klinik Dortmund Elisabeth-Klinik;Plankrankenhaus;Landschaftsverband Westfalen-Lippe (LWL);Anstalt öffentlichen Rechts;LWL-Klinik Dortmund Elisabeth-Klinik;44287;Marsbruchstraße 162a;Dortmund
9151212;LWL-Universitätsklinik Hamm der Ruhr Universität Bochum;Hochschulklinik/Universitätsklinikum;Landschaftsverband Westfalen-Lippe (LWL);Anstalt öffentlichen Rechts;LWL-Universitätsklinik Hamm der Ruhr Universität Bochum;59071;Heithofer Allee 64;Hamm
9541418;Gemeinschaftskrankenhaus Herdecke;Plankrankenhaus;Gemeinschaftskrankenhaus Herdecke gGmbH;gemeinnützige GmbH;Gemeinschaftskrankenhaus Herdecke;58313;Gerhard-Kienle-Weg 4;Herdecke
9581527;LWL-Klinik Marsberg;Plankrankenhaus;Landschaftsverband Westfalen-Lippe (LWL);Anstalt öffentlichen Rechts;LWL-Klinik Marsberg;34431;Weist 45;Marsberg
9621437;DGD Stadtklinik Hemer;Plankrankenhaus;DGD Stadtklinik Hemer gGmbH;gemeinnützige GmbH;DGD Stadtklinik Hemer;58675;Breddestraße 22;Hemer
9621442;Klinikum Lüdenscheid;Plankrankenhaus;Märkische Kliniken GmbH;Gesellschaft mit beschränkter Haftung;Klinikum Lüdenscheid;58515;Paulmannshöher Straße 14;Lüdenscheid
9621445;Stadtklinik Werdohl;Plankrankenhaus;Märkische Kliniken GmbH;Gesellschaft mit beschränkter Haftung;Stadtklinik Werdohl;58791;Schulstraße 25;Werdohl
9621456;LWL-Klinik Hemer - Hans-Prinzhorn-Klinik;Plankrankenhaus;Landschaftsverband Westfalen-Lippe (LWL);Anstalt öffentlichen Rechts;LWL-Klinik Hemer - Hans-Prinzhorn-Klinik;58675;Frönsberger Straße 71;Hemer
9621459;Sportklinik Hellersen;Plankrankenhaus;Sporthilfe NRW e.V.;;Sportklinik Hellersen;58515;Paulmannshöher 17;Lüdenscheid
9701618;DRK-Kinderklinik Siegen gGmbH;Krankenhaus mit Versorgungsvertrag;DRK-Kinderklinik Siegen gGmbH;gemeinnützige GmbH;DRK-Kinderklinik Siegen gGmbH;57072;Wellersbergstraße 60;Siegen
9701622;Klinik Wittgenstein;Krankenhaus ohne Versorgungsvertrag;Evangelisches Johanneswerk gGmbH;;Klinik Wittgenstein;57319;Sahlingstr. 60;Bad Berleburg
9741233;LWL-Klinik Lippstadt;Plankrankenhaus;Landschaftsverband Westfalen-Lippe (LWL);Anstalt öffentlichen Rechts;LWL-Klinik Lippstadt;59556;Im Hofholz 6;Lippstadt
9781252;GPHS - Tagesklinik Schwerte;Plankrankenhaus;Gesellschaft für psychosoziale Hilfen Schwerte e. V.;Sonstige Rechtsform;GPHS - Tagesklinik Schwerte;58239;Kleppingstraße 21;Schwerte
7741124;St. Vincenz-Krankenhaus Paderborn;Plankrankenhaus;St. Vincenz Krankenhaus GmbH;;St. Vincenz-Krankenhaus Paderborn;33098;Am Busdorf 2;Paderborn
7741125;Brüderkrankenhaus St. Josef;Plankrankenhaus;Barmherzige Brüder Trier gGmbH;gemeinnützige GmbH;Brüderkrankenhaus St. Josef;33098;Husener Str. 46;Paderborn
7741126;St. Johannisstift Ev. Krankenhaus Paderborn GmbH;Plankrankenhaus;St. Johannisstift Paderborn Ev. Stiftung des bürgerlichen Rechts;;St. Johannisstift Ev. Krankenhaus Paderborn GmbH;33102;Reumontstraße 28;Paderborn
7701001;Artemed Klinik Prof. Dr. Salfeld;Krankenhaus mit Versorgungsvertrag;Artemed Fachklinik Prof. Dr. Dr. Salfeld GmbH und Co. KG;;Artemed Klinik Prof. Dr. Salfeld;32545;Portastraße 33-35;Bad Oeynhausen
7111012;Krankenhaus Mara gGmbH;Hochschulklinik/Universitätsklinikum;v. Bodelschwinghsche Stiftungen Bethel und Ev. Johanneswerk e.V.;gemeinnützige GmbH;Krankenhaus Mara gGmbH;33617;Maraweg 21;Bielefeld
7111003;Kath. Hospitalvereinigung Ostwestfalen;Plankrankenhaus;Katholische Hospitalvereinigung Ostwestfalen gem. GmbH;;Kath. Hospitalvereinigung Ostwestfalen;33615;Kiskerstrassse 26;Bielefeld
9111301;LWL-Universitätsklinikum Bochum der Ruhr-Universität Bochum;Hochschulklinik/Universitätsklinikum;Landschaftsverband Westfalen-Lippe (LWL);Anstalt öffentlichen Rechts;LWL-Universitätsklinikum Bochum der Ruhr-Universität Bochum;44791;Alexandrinenstr. 1;Bochum
9111303;Berufsgenossenschaftliches Universitätsklinikum Bergmannsheil Bochum gGmbH;Hochschulklinik/Universitätsklinikum;Berufsgenossenschaftliches Universitätsklinikum Bergmannsheil gGmbH;gemeinnützige GmbH;Berufsgenossenschaftliches Universitätsklinikum Bergmannsheil Bochum gGmbH;44789;Bürkle de la Camp-Platz 1;Bochum
9111310;Augusta-Kranken-Anstalt;Plankrankenhaus;Augusta-Kranken-Anstalt gGmbH;;Augusta-Kranken-Anstalt;44791;Bergstraße 26;Bochum
9131318;Klinikum Dortmund;Plankrankenhaus;Klinikum Dortmund gGmbH;;Klinikum Dortmund;44137;Beurhausstraße 40;Dortmund
9131326;St. Lukas Klinikum;Plankrankenhaus;Katholische St. Lukas Gesellschaft mbH;Gesellschaft mit beschränkter Haftung;St. Lukas Klinikum;44379;Zollernstraße 40;Dortmund
9131329;Knappschaftskrankenhaus Lütgendortmund;Plankrankenhaus;Klinikum Westfalen GmbH;;Knappschaftskrankenhaus Lütgendortmund;44388;Volksgartenstraße 40;Dortmund
9131330;Hüttenhospital Dortmund-Hörde;Plankrankenhaus;Hüttenhospital gGmbH;Körperschaft öffentlichen Rechts;Hüttenhospital Dortmund-Hörde;44269;Am Marksbach 28;Dortmund
9151204;St. Marien-Hospital Hamm;Plankrankenhaus;St. Marien-Hospital Hamm gem. GmbH;gemeinnützige GmbH;St. Marien-Hospital Hamm;59065;Nassauerstraße 13-19;Hamm
9151206;Ev. Krankenhaus Hamm;Plankrankenhaus;Ev. Krankenhaus Hamm gGmbH;gemeinnützige GmbH;Ev. Krankenhaus Hamm;59063;Werler Straße 110;Hamm
9151213;Klinik für manuelle Therapie - Klinik für Wirbelsäulen-, Gehleiden und Schmerztherapie;Plankrankenhaus;Klinik für Manuelle Therapie e. V.;;Klinik für manuelle Therapie - Klinik für Wirbelsäulen-, Gehleiden und Schmerztherapie;59071;Ostenallee 83;Hamm
9161343;Marienhospital Herne;Hochschulklinik/Universitätsklinikum;St. Elisabeth Gruppe - Katholische Kliniken Rhein-Ruhr GmbH;;Marienhospital Herne;44625;Hölkeskampring 40;Herne
9161341;St. Anna-Hospital;Plankrankenhaus;St. Elisabeth Gruppe - Katholische Kliniken Rhein-Ruhr GmbH;;St. Anna-Hospital;44649;Hospitalstr. 19;Herne
9161342;St. Marien-Hospital Eickel;Plankrankenhaus;St. Elisabeth Gruppe - Katholische Kliniken Rhein-Ruhr GmbH;;St. Marien-Hospital Eickel;44651;Marienstr. 2;Herne
9161345;Ev. Krankenhaus Herne;Plankrankenhaus;Ev. Krankenhausgemeinschaft Herne | Castrop-Rauxel gGmbH;gemeinnützige GmbH;Ev. Krankenhaus Herne;44623;Wiescherstraße 24;Herne
9161351;Rheumazentrum Ruhrgebiet;Plankrankenhaus;St. Elisabeth Gruppe - Katholische Kliniken Rhein-Ruhr GmbH;;Rheumazentrum Ruhrgebiet;44649;Claudiusstraße 45;Herne
9541419;Helios Klinikum Schwelm;Plankrankenhaus;Helios Klinikum Schwelm GmbH;Gesellschaft mit beschränkter Haftung;Helios Klinikum Schwelm;58332;Dr.-Moeller-Straße 15;Schwelm
9541432;Orthopädische Kliniken Volmarstein;Plankrankenhaus;Evangelische Stiftung Volmarstein;Stiftung des öffentlichen Rechts;Orthopädische Kliniken Volmarstein;58300;Lothar-Gau-Straße 11;Wetter (Ruhr)
9541422;Marien-Hospital Witten;Plankrankenhaus;St. Elisabeth Gruppe - Katholische Kliniken Rhein-Ruhr GmbH;;Marien-Hospital Witten;58452;Marienplatz 2;Witten
9541423;Ev. Krankenhaus Witten;Plankrankenhaus;Ev. Krankenhausgemeinschaft Herne | Castrop-Rauxel gGmbH;gemeinnützige GmbH;Ev. Krankenhaus Witten;58455;Pferdebachstraße 27;Witten
9581504;Städt. Krankenhaus Maria-Hilf Brilon;Plankrankenhaus;Stadt Brilon;;Städt. Krankenhaus Maria-Hilf Brilon;59929;Am Schönschede 1;Brilon
9581507;St. Marien-Hospital Marsberg;Plankrankenhaus;Barmherzige Brüder Trier gGmbH;gemeinnützige GmbH;St. Marien-Hospital Marsberg;34431;Marienstraße 2;Marsberg
9581526;LWL-Klinik Marsberg Kinder- und Jugendpsychiatrie;Plankrankenhaus;Landschaftsverband Westfalen-Lippe (LWL);Anstalt öffentlichen Rechts;LWL-Klinik Marsberg Kinder- und Jugendpsychiatrie;34431;Bredelarer Straße 33;Marsberg
9581510;Elisabeth-Klinik;Plankrankenhaus;Elisabeth-Klinik gGmbH;;Elisabeth-Klinik;59939;Heinrich-Sommer-Straße 4;Olsberg
9581528;Fachkrankenhaus Kloster Grafschaft;Plankrankenhaus;Fachkrankenhaus Kloster Grafschaft GmbH;;Fachkrankenhaus Kloster Grafschaft;57392;Annostraße 1;Schmallenberg
9581529;Sauerlandklinik Hachen;Plankrankenhaus;Sauerlandklinik Hachen gGmbH;gemeinnützige GmbH;Sauerlandklinik Hachen;59846;Siepenstraße 44;Sundern-Hachen
9581530;Neurologische Klinik Sorpesee;Plankrankenhaus;Neurologische Klinik Sorpesee GmbH & Co. KG;Personengesellschaft;Neurologische Klinik Sorpesee;59846;Lindenstraße 22;Sundern
9581513;St. Franziskus-Hospital Winterberg;Plankrankenhaus;St. Franziskus-Hospital gGmbH;gemeinnützige GmbH;St. Franziskus-Hospital Winterberg;59955;Franziskusstraße 2;Winterberg
9621444;radprax Krankenhaus Plettenberg GmbH;Plankrankenhaus;radprax Holding GmbH und Co. KG;Gesellschaft mit beschränkter Haftung;radprax Krankenhaus Plettenberg GmbH;58840;Ernst-Moritz-Arndt-Str. 17;Plettenberg
9661601;Helios Klinik Attendorn;Plankrankenhaus;Krankenhaus St. Barbara Attendorn GmbH;Gesellschaft mit beschränkter Haftung;Helios Klinik Attendorn;57439;Hohler Weg 9;Attendorn
9661604;GFO Kliniken Südwestfalen;Plankrankenhaus;Katholische Hospitalgesellschaft Südwestfalen gGmbH;gemeinnützige GmbH;GFO Kliniken Südwestfalen;57462;Hospitalweg 6;Olpe
9701614;Kreisklinikum Siegen;Plankrankenhaus;Kreis Siegen-Wittgenstein;Gesellschaft mit beschränkter Haftung;Kreisklinikum Siegen;57076;Weidenauer Str.76;Siegen
9701616;St. Marien-Krankenhaus;Plankrankenhaus;Marien Gesellschaft Siegen gGmbH;;St. Marien-Krankenhaus;57072;Kampenstraße 51;Siegen
9741217;Hospital Zum Heiligen Geist;Plankrankenhaus;Hospital zum Hl. Geist gem GmbH;;Hospital Zum Heiligen Geist;59590;Bachstraße 76;Geseke
9741219;Dreifaltigkeits-Hospital;Krankenhaus ohne Versorgungsvertrag;Dreifaltigkeits-Hospital gem. GmbH;;Dreifaltigkeits-Hospital;59555;Klosterstraße 31;Lippstadt
9741220;Ev. Krankenhaus;Plankrankenhaus;Evangelisches Krankenhaus Lippstadt gemeinnützige GmbH;;Ev. Krankenhaus;59555;Wiedenbrücker Straße 33;Lippstadt
9741222;Klinikum Stadt Soest;Plankrankenhaus;Stadt Soest;gemeinnützige GmbH;Klinikum Stadt Soest;59494;Senator-Schwartz-Ring 8;Soest
9741224;Krankenhaus  Maria Hilf;Plankrankenhaus;Krankenhaus  Maria Hilf GmbH;Gesellschaft mit beschränkter Haftung;Krankenhaus  Maria Hilf;59581;Hospitalstr. 3-7;Warstein
